206,反转链表,5974,71.3%,简单
2,两数相加,4729,39.4%,中等
19,删除链表的倒数第N个结点,2387,40.8%,中等
21,合并两个有序链表,2188,65.2%,简单
141,环形链表,1761,50.7%,简单
24,两两交换链表中的节点,1760,69.0%,中等
23,合并K个升序链表,1348,54.0%,困难
234,回文链表,1333,45.3%,简单
25,K个一组翻转链表,1292,64.0%,困难
剑指Offer22,链表中倒数第k个节点,1288,78.5%,简单
剑指Offer06,从尾到头打印链表,1188,75.2%,简单
876,链表的中间结点,1121,69.8%,简单
160,相交链表,1083,57.4%,简单
剑指Offer24,反转链表,1069,74.3%,简单
142,环形链表II,1065,54.3%,中等
61,旋转链表,1045,40.6%,中等
83,删除排序链表中的重复元素,1039,51.9%,简单
92,反转链表II,1011,52.1%,中等
剑指Offer18,删除链表的节点,896,58.8%,简单
82,删除排序链表中的重复元素II,857,50.1%,中等
203,移除链表元素,822,46.9%,简单
148,排序链表,797,67.6%,中等
328,奇偶链表,795,65.6%,中等
86,分隔链表,784,62.3%,中等
445,两数相加II,727,58.3%,中等
237,删除链表中的节点,722,83.8%,简单
143,重排链表,719,59.5%,中等
面试题02.02,返回倒数第k个节点,706,78.0%,简单
147,对链表进行插入排序,598,67.2%,中等
面试题02.01,移除重复节点,524,69.3%,简单
109,有序链表转换二叉搜索树,523,76.1%,中等
1290,二进制链表转整数,507,81.0%,简单
剑指Offer52,两个链表的第一个公共节点,483,63.3%,简单
面试题02.03,删除中间节点,462,85.3%,简单
剑指Offer35,复杂链表的复制,434,71.9%,中等
138,复制带随机指针的链表,406,59.7%,中等
面试题02.06,回文链表,356,47.4%,简单
面试题02.05,链表求和,339,46.2%,中等
面试题02.04,分割链表,240,65.0%,中等
面试题02.07,链表相交,233,68.8%,简单
707,设计链表,232,29.8%,中等
725,分隔链表,220,55.7%,中等
430,扁平化多级双向链表,219,52.5%,中等